,Departamento Entidad,Ciudad Entidad
0,CESAR,VALLEDUPAR
1,QUINDÍO,ARMENIA
2,DISTRITO CAPITAL DE BOGOTÁ,BOGOTÁ
3,ATLÁNTICO,BARRANQUILLA
5,MAGDALENA,SANTA MARTA
6,BOLÍVAR,CARTAGENA
7,CUNDINAMARCA,SAN ANTONIO DEL TEQUENDAMA
8,CÓRDOBA,NO DEFINIDO
9,CALDAS,MANIZALES
10,TOLIMA,ICONONZO
11,CAUCA,POPAYÁN
14,VALLE DEL CAUCA,CALI
15,NARIÑO,NO DEFINIDO
16,MAGDALENA,CIÉNAGA
17,CASANARE,YOPAL
19,RISARALDA,PEREIRA
23,NARIÑO,PASTO
27,DISTRITO CAPITAL DE BOGOTÁ,NO DEFINIDO
30,PUTUMAYO,MOCOA
32,BOLÍVAR,SIMITÍ
34,CALDAS,ARANZAZU
35,SANTANDER,SAN VICENTE DE CHUCURÍ
36,VALLE DEL CAUCA,NO DEFINIDO
37,BOLÍVAR,TURBACO
38,CUNDINAMARCA,PARATEBUENO
39,ANTIOQUIA,SALGAR
44,CESAR,EL PASO
47,TOLIMA,IBAGUÉ
48,META,VILLAVICENCIO
49,SANTANDER,GALÁN
52,CHOCÓ,QUIBDÓ
55,ANTIOQUIA,LA CEJA
56,TOLIMA,HONDA
57,TOLIMA,PLANADAS
58,NARIÑO,LA UNIÓN
60,NARIÑO,SAMANIEGO
63,ANTIOQUIA,MEDELLÍN
66,BOLÍVAR,CÓRDOBA
69,SANTANDER,BUCARAMANGA
71,HUILA,NEIVA
77,CUNDINAMARCA,MOSQUERA
80,SANTANDER,PIEDECUESTA
88,TOLIMA,NO DEFINIDO
94,CASANARE,NO DEFINIDO
95,QUINDÍO,CÓRDOBA
96,ANTIOQUIA,ENVIGADO
98,ATLÁNTICO,SOLEDAD
99,ANTIOQUIA,GUATAPE
106,CUNDINAMARCA,SOPÓ
109,CUNDINAMARCA,FACATATIVÁ
110,META,ACACÍAS
116,SANTANDER,CONTRATACIÓN
119,ANTIOQUIA,GIRARDOTA
123,CUNDINAMARCA,FOSCA
136,ANTIOQUIA,NO DEFINIDO
138,NARIÑO,YACUANQUER
142,ANTIOQUIA,RIONEGRO
145,NARIÑO,CHACHAGÜÍ
147,RISARALDA,DOSQUEBRADAS
152,PUTUMAYO,PUERTO ASÍS
155,NORTE DE SANTANDER,CÚCUTA
156,VALLE DEL CAUCA,CARTAGO
160,SANTANDER,NO DEFINIDO
161,ANTIOQUIA,BELLO
163,BOYACÁ,TIBASOSA
166,SANTANDER,FLORIDABLANCA
168,TOLIMA,LÍBANO
170,CESAR,SAN DIEGO
174,NO DEFINIDO,NO DEFINIDO
175,BOYACÁ,MUZO
176,SANTANDER,SAN GIL
177,PUTUMAYO,ORITO
179,ARAUCA,ARAUCA
180,CALDAS,RIOSUCIO
186,BOYACÁ,MONIQUIRÁ
187,LA GUAJIRA,ALBANIA
190,VALLE DEL CAUCA,TULUÁ
192,ANTIOQUIA,CAREPA
193,NARIÑO,IPIALES
196,TOLIMA,MELGAR
197,SANTANDER,BARRANCABERMEJA
201,BOYACÁ,TUNJA
202,LA GUAJIRA,FONSECA
203,NARIÑO,LA CRUZ
207,SUCRE,MAJAGUAL
214,CUNDINAMARCA,GIRARDOT
215,CUNDINAMARCA,TOCAIMA
220,ANTIOQUIA,MARINILLA
228,NARIÑO,CÓRDOBA
231,VALLE DEL CAUCA,YUMBO
232,ANTIOQUIA,SAN PEDRO DE URABA
237,VICHADA,PUERTO CARREÑO
240,"SAN ANDRÉS, PROVIDENCIA Y SANTA CATALINA",NO DEFINIDO
242,NORTE DE SANTANDER,VILLA DEL ROSARIO
252,CUNDINAMARCA,NO DEFINIDO
255,CÓRDOBA,CERETÉ
258,TOLIMA,SAN ANTONIO
269,CUNDINAMARCA,SAN JUAN DE RÍO SECO
275,BOYACÁ,PAIPA
276,SUCRE,COROZAL
277,NARIÑO,LEIVA
282,VALLE DEL CAUCA,DAGUA
291,MAGDALENA,NO DEFINIDO
292,CUNDINAMARCA,FUNZA
296,SUCRE,SINCELEJO
303,SANTANDER,RIONEGRO
313,CAQUETÁ,FLORENCIA
316,CESAR,AGUSTÍN CODAZZI
322,VALLE DEL CAUCA,CANDELARIA
324,BOYACÁ,DUITAMA
337,CAUCA,EL TAMBO
347,VALLE DEL CAUCA,GUADALAJARA DE BUGA
349,ANTIOQUIA,COPACABANA
356,BOLÍVAR,SANTA CATALINA
360,VALLE DEL CAUCA,PALMIRA
367,CÓRDOBA,MONTERÍA
368,RISARALDA,NO DEFINIDO
377,ANTIOQUIA,SABANETA
378,VALLE DEL CAUCA,TORO
381,ANTIOQUIA,LA PINTADA
385,NORTE DE SANTANDER,PAMPLONA
386,ANTIOQUIA,APARTADÓ
392,ANTIOQUIA,CAUCASIA
403,CUNDINAMARCA,SOACHA
405,CUNDINAMARCA,MEDINA
413,ANTIOQUIA,SOPETRÁN
415,TOLIMA,SAN LUIS
420,CUNDINAMARCA,NOCAIMA
422,BOYACÁ,LA UVITA
424,MAGDALENA,PIVIJAY
426,ANTIOQUIA,YARUMAL
428,QUINDÍO,CALARCA
436,TOLIMA,SALDAÑA
438,PUTUMAYO,SAN FRANCISCO
442,CUNDINAMARCA,VILLA DE SAN DIEGO DE UBATE
451,BOLÍVAR,SAN ESTANISLAO
453,BOLÍVAR,SAN JUAN NEPOMUCENO
454,ANTIOQUIA,SAN JERÓNIMO
457,TOLIMA,RONCESVALLES
464,MAGDALENA,ZONA BANANERA
467,AMAZONAS,LETICIA
469,MAGDALENA,FUNDACIÓN
472,SANTANDER,PUENTE NACIONAL
475,ANTIOQUIA,ITAGUI
479,PUTUMAYO,VALLE DEL GUAMUEZ
480,ANTIOQUIA,RETIRO
492,BOYACÁ,NO DEFINIDO
494,ANTIOQUIA,CAROLINA
505,CUNDINAMARCA,FUSAGASUGÁ
506,TOLIMA,CARMEN DE APICALÁ
507,"SAN ANDRÉS, PROVIDENCIA Y SANTA CATALINA",SAN ANDRÉS
509,MAGDALENA,SANTA ANA
511,CALDAS,NO DEFINIDO
513,NORTE DE SANTANDER,OCAÑA
518,CUNDINAMARCA,ARBELÁEZ
519,HUILA,CAMPOALEGRE
523,LA GUAJIRA,BARRANCAS
526,LA GUAJIRA,LA JAGUA DEL PILAR
538,CUNDINAMARCA,CHÍA
539,LA GUAJIRA,RIOHACHA
545,PUTUMAYO,VILLAGARZÓN
547,CESAR,NO DEFINIDO
550,SANTANDER,GUACA
552,CALDAS,VILLAMARÍA
554,CESAR,CHIRIGUANÁ
577,META,PUERTO RICO
586,TOLIMA,ESPINAL
589,CESAR,CHIMICHAGUA
591,SANTANDER,CONFINES
609,ANTIOQUIA,ENTRERRIOS
610,"SAN ANDRÉS, PROVIDENCIA Y SANTA CATALINA",PROVIDENCIA
614,MAGDALENA,EL BANCO
617,MAGDALENA,CHIBOLO
619,CALDAS,PENSILVANIA
625,ANTIOQUIA,DON MATÍAS
633,CAQUETÁ,NO DEFINIDO
641,HUILA,BARAYA
646,NARIÑO,TUMACO
649,QUINDÍO,MONTENEGRO
660,CUNDINAMARCA,LA MESA
668,CALDAS,VITERBO
672,MAGDALENA,EL RETÉN
676,MAGDALENA,PLATO
678,RISARALDA,PUEBLO RICO
679,BOLÍVAR,EL PEÑÓN
681,LA GUAJIRA,MAICAO
707,MAGDALENA,TENERIFE
725,HUILA,ALGECIRAS
738,BOYACÁ,SOGAMOSO
743,VALLE DEL CAUCA,EL DOVIO
763,CAQUETÁ,SOLANO
775,BOYACÁ,TOTA
776,LA GUAJIRA,NO DEFINIDO
788,HUILA,SALADOBLANCO
790,ANTIOQUIA,SAN CARLOS
791,LA GUAJIRA,URUMITA
805,MAGDALENA,PUEBLOVIEJO
808,VALLE DEL CAUCA,CAICEDONIA
817,NARIÑO,OSPINA
827,NORTE DE SANTANDER,ABREGO
835,SANTANDER,SOCORRO
845,ANTIOQUIA,URAMITA
847,CUNDINAMARCA,FOMEQUE
850,ANTIOQUIA,EL BAGRE
862,CUNDINAMARCA,CUCUNUBÁ
871,CÓRDOBA,LORICA
872,BOYACÁ,PUERTO BOYACÁ
873,CUNDINAMARCA,SESQUILÉ
884,QUINDÍO,PIJAO
885,QUINDÍO,QUIMBAYA
889,META,NO DEFINIDO
894,CASANARE,LA SALINA
899,MAGDALENA,PIJIÑO DEL CARMEN
900,NARIÑO,CUMBITARA
906,CUNDINAMARCA,LA VEGA
907,CUNDINAMARCA,SASAIMA
912,BOYACÁ,SAMACÁ
933,CALDAS,AGUADAS
934,BOYACÁ,MONGUA
938,HUILA,PALESTINA
940,CUNDINAMARCA,VERGARA
947,LA GUAJIRA,VILLANUEVA
950,MAGDALENA,ARACATACA
951,CESAR,TAMALAMEQUE
961,CUNDINAMARCA,PUERTO SALGAR
962,ANTIOQUIA,YOLOMBÓ
963,CALDAS,LA DORADA
967,CUNDINAMARCA,COTA
976,BOYACÁ,CERINZA
982,SANTANDER,SURATÁ
984,PUTUMAYO,PUERTO GUZMÁN
990,ANTIOQUIA,LA ESTRELLA
993,ATLÁNTICO,MANATÍ
994,ANTIOQUIA,LA UNIÓN
995,CÓRDOBA,SAN PELAYO
1005,NARIÑO,CUMBAL
1006,QUINDÍO,LA TEBAIDA
1011,ANTIOQUIA,SANTAFÉ DE ANTIOQUIA
1018,CUNDINAMARCA,SILVANIA
1021,CALDAS,NEIRA
1026,BOYACÁ,SOATÁ
1027,ATLÁNTICO,NO DEFINIDO
1033,VALLE DEL CAUCA,FLORIDA
1040,CUNDINAMARCA,CAQUEZA
1044,ANTIOQUIA,TURBO
1051,CUNDINAMARCA,GUADUAS
1054,NARIÑO,LOS ANDES
1057,ATLÁNTICO,PONEDERA
1058,CESAR,LA PAZ
1081,TOLIMA,ROVIRA
1082,CAQUETÁ,SAN VICENTE DEL CAGUÁN
1100,SANTANDER,BARICHARA
1103,CAUCA,FLORENCIA
1126,SANTANDER,LA BELLEZA
1127,QUINDÍO,NO DEFINIDO
1140,VALLE DEL CAUCA,CALIMA
1152,GUAVIARE,SAN JOSÉ DEL GUAVIARE
1158,CESAR,SAN ALBERTO
1162,CAUCA,BUENOS AIRES
1168,NORTE DE SANTANDER,EL ZULIA
1188,ANTIOQUIA,ABEJORRAL
1192,MAGDALENA,SITIONUEVO
1197,CUNDINAMARCA,GUACHETÁ
1200,HUILA,AIPE
1202,RISARALDA,APÍA
1204,HUILA,GARZÓN
1209,CAUCA,PAEZ
1219,ANTIOQUIA,SANTA BÁRBARA
1234,VALLE DEL CAUCA,ZARZAL
1246,SUCRE,CAIMITO
1261,ANTIOQUIA,PUERTO TRIUNFO
1264,ANTIOQUIA,CALDAS
1266,HUILA,PALERMO
1267,META,VISTAHERMOSA
1274,NARIÑO,SAN PABLO
1278,CUNDINAMARCA,VILLAPINZÓN
1280,BOYACÁ,RAMIRIQUÍ
1285,BOYACÁ,LABRANZAGRANDE
1289,ANTIOQUIA,TARAZÁ
1294,ARAUCA,NO DEFINIDO
1313,TOLIMA,CAJAMARCA
1318,CUNDINAMARCA,ANOLAIMA
1337,HUILA,PITALITO
1345,VALLE DEL CAUCA,BUENAVENTURA
1364,PUTUMAYO,NO DEFINIDO
1371,CUNDINAMARCA,UNE
1376,ANTIOQUIA,EL CARMEN DE VIBORAL
1395,BOLÍVAR,CALAMAR
1404,MAGDALENA,ZAPAYÁN
1426,NORTE DE SANTANDER,NO DEFINIDO
1470,ANTIOQUIA,GUARNE
1478,META,GUAMAL
1488,CUNDINAMARCA,PACHO
1507,CUNDINAMARCA,TENJO
1514,NARIÑO,CONTADERO
1530,BOLÍVAR,ARJONA
1538,ANTIOQUIA,PUERTO NARE
1543,HUILA,PAICOL
1544,NARIÑO,OLAYA HERRERA
1545,ATLÁNTICO,PUERTO COLOMBIA
1555,HUILA,NO DEFINIDO
1566,TOLIMA,PURIFICACIÓN
1577,CUNDINAMARCA,SAN FRANCISCO
1580,NARIÑO,IMUÉS
1585,NARIÑO,LA FLORIDA
1601,TOLIMA,FLANDES
1613,CAQUETÁ,VALPARAÍSO
1614,ANTIOQUIA,ARBOLETES
1622,BOYACÁ,CHIQUINQUIRÁ
1623,TOLIMA,FALAN
1632,ANTIOQUIA,SAN PEDRO
1638,SANTANDER,GUADALUPE
1640,CUNDINAMARCA,MADRID
1648,NARIÑO,MAGÜI
1658,BOLÍVAR,SANTA ROSA DEL SUR
1662,META,CASTILLA LA NUEVA
1666,HUILA,AGRADO
1672,CESAR,LA JAGUA DE IBIRICO
1682,CAQUETÁ,LA MONTAÑITA
1699,TOLIMA,FRESNO
1701,ANTIOQUIA,PUERTO BERRÍO
1704,VALLE DEL CAUCA,PRADERA
1713,HUILA,TARQUI
1715,BOLÍVAR,SAN MARTÍN DE LOBA
1724,PUTUMAYO,PUERTO CAICEDO
1731,ANTIOQUIA,SEGOVIA
1737,CUNDINAMARCA,SIBATÉ
1741,SUCRE,SAN MARCOS
1748,ANTIOQUIA,ARGELIA
1749,ANTIOQUIA,SAN LUIS
1780,ANTIOQUIA,JARDÍN
1781,CÓRDOBA,MOMIL
1783,SANTANDER,LA PAZ
1801,CESAR,SAN MARTÍN
1804,CAQUETÁ,EL DONCELLO
1809,BOYACÁ,GUATEQUE
1852,TOLIMA,ATACO
1854,SANTANDER,MÁLAGA
1855,NARIÑO,RICAURTE
1863,CESAR,AGUACHICA
1880,CUNDINAMARCA,EL COLEGIO
1887,TOLIMA,ORTEGA
1894,MAGDALENA,GUAMAL
1896,RISARALDA,LA VIRGINIA
1935,NARIÑO,GUALMATÁN
1949,CAUCA,TORIBIO
1963,SANTANDER,BARBOSA
1980,NARIÑO,SANDONÁ
1983,CÓRDOBA,SAHAGÚN
1989,LA GUAJIRA,DIBULLA
1991,NARIÑO,EL CHARCO
2002,CUNDINAMARCA,ZIPAQUIRÁ
2020,TOLIMA,AMBALEMA
2044,CUNDINAMARCA,TOCANCIPÁ
2052,CALDAS,CHINCHINÁ
2054,ANTIOQUIA,REMEDIOS
2065,ANTIOQUIA,VENECIA
2070,TOLIMA,LÉRIDA
2086,NARIÑO,POLICARPA
2087,NARIÑO,LINARES
2095,CUNDINAMARCA,CAJICÁ
2103,CÓRDOBA,PUERTO ESCONDIDO
2126,VALLE DEL CAUCA,JAMUNDÍ
2142,CUNDINAMARCA,GACHALA
2151,NARIÑO,ILES
2152,NORTE DE SANTANDER,SALAZAR
2156,NARIÑO,SAN PEDRO DE CARTAGO
2191,HUILA,OPORAPA
2193,CAQUETÁ,EL PAUJIL
2209,NORTE DE SANTANDER,CHINÁCOTA
2212,CALDAS,MANZANARES
2217,NORTE DE SANTANDER,TIBÚ
2232,ATLÁNTICO,SABANALARGA
2233,QUINDÍO,FILANDIA
2252,CASANARE,AGUAZUL
2273,NORTE DE SANTANDER,GRAMALOTE
2274,ANTIOQUIA,JERICÓ
2280,ATLÁNTICO,POLONUEVO
2291,BOLÍVAR,TIQUISIO
2292,SANTANDER,MOLAGAVITA
2295,NORTE DE SANTANDER,HACARÍ
2300,ANTIOQUIA,TOLEDO
2303,BOYACÁ,CÓMBITA
2314,CAUCA,PIENDAMÓ
2323,NARIÑO,LA LLANADA
2335,BOLÍVAR,ARENAL
2344,VALLE DEL CAUCA,EL CERRITO
2350,RISARALDA,SANTA ROSA DE CABAL
2366,SANTANDER,VÉLEZ
2373,ANTIOQUIA,NECOCLÍ
2381,SANTANDER,ZAPATOCA
2382,CAQUETÁ,BELÉN DE LOS ANDAQUIES
2413,CUNDINAMARCA,RICAURTE
2438,VALLE DEL CAUCA,LA CUMBRE
2459,CUNDINAMARCA,CHOCONTÁ
2466,HUILA,RIVERA
2471,ANTIOQUIA,SAN ROQUE
2488,CALDAS,MARQUETALIA
2492,QUINDÍO,BUENAVISTA
2501,PUTUMAYO,LEGUÍZAMO
2513,NARIÑO,MALLAMA
2514,ANTIOQUIA,EL SANTUARIO
2540,PUTUMAYO,SIBUNDOY
2549,CESAR,BOSCONIA
2554,SUCRE,SAN JUAN DE BETULIA
2581,NARIÑO,NARIÑO
2612,CESAR,RÍO DE ORO
2615,SANTANDER,ENCISO
2634,LA GUAJIRA,HATONUEVO
2641,NARIÑO,BARBACOAS
2648,SUCRE,LA UNIÓN
2746,ARAUCA,TAME
2756,MAGDALENA,SAN SEBASTIÁN DE BUENAVISTA
2773,META,CUBARRAL
2790,BOLÍVAR,MAGANGUÉ
2791,SANTANDER,SAN JOAQUÍN
2804,SANTANDER,SAN ANDRÉS
2811,NARIÑO,EL TABLÓN DE GÓMEZ
2824,ANTIOQUIA,URRAO
2828,VAUPÉS,MITÚ
2839,ATLÁNTICO,JUAN DE ACOSTA
2842,NARIÑO,ALDANA
2846,VALLE DEL CAUCA,ROLDANILLO
2883,VALLE DEL CAUCA,OBANDO
2888,ANTIOQUIA,SAN FRANCISCO
2893,CASANARE,TAURAMENA
2895,QUINDÍO,CIRCASIA
2899,TOLIMA,ARMERO
2903,CAUCA,CALOTO
2926,BOYACÁ,UMBITA
2942,LA GUAJIRA,SAN JUAN DEL CESAR
2945,TOLIMA,VILLAHERMOSA
2950,SANTANDER,MATANZA
2958,HUILA,LA ARGENTINA
2969,BOLÍVAR,ZAMBRANO
2976,ANTIOQUIA,ANDES
3033,CALDAS,SAN JOSÉ
3036,ATLÁNTICO,BARANOA
3064,CAUCA,CORINTO
3086,CUNDINAMARCA,VILLETA
3087,CÓRDOBA,CHIMÁ
3118,ANTIOQUIA,PUEBLORRICO
3153,META,GRANADA
3170,BOYACÁ,SAN LUIS DE GACENO
3184,ANTIOQUIA,CONCORDIA
3194,HUILA,ISNOS
3218,BOYACÁ,TIBANÁ
3224,BOYACÁ,MIRAFLORES
3239,ATLÁNTICO,SABANAGRANDE
3248,CAQUETÁ,CARTAGENA DEL CHAIRÁ
3293,NARIÑO,SAN BERNARDO
3299,CALDAS,SALAMINA
3313,CALDAS,RISARALDA
3346,VALLE DEL CAUCA,LA VICTORIA
3353,VALLE DEL CAUCA,ANDALUCÍA
3370,ANTIOQUIA,FREDONIA
3373,SANTANDER,MOGOTES
3377,NARIÑO,FUNES
3405,SUCRE,NO DEFINIDO
3446,CALDAS,LA MERCED
3496,NARIÑO,ALBÁN
3514,CÓRDOBA,AYAPEL
3574,CAUCA,PATÍA
3580,META,SAN MARTÍN
3610,ATLÁNTICO,SANTO TOMÁS
3623,SUCRE,GUARANDA
3629,ANTIOQUIA,YONDÓ
3631,LA GUAJIRA,MANAURE
3669,SANTANDER,SANTA HELENA DEL OPÓN
3704,CUNDINAMARCA,LA CALERA
3717,HUILA,IQUIRA
3724,BOLÍVAR,SAN JACINTO
3726,CESAR,BECERRIL
3731,TOLIMA,PALOCABILDO
3786,MAGDALENA,SAN ZENÓN
3800,CUNDINAMARCA,TABIO
3818,META,CUMARAL
3836,NARIÑO,GUACHUCAL
3845,CHOCÓ,NO DEFINIDO
3847,SANTANDER,LOS SANTOS
3858,ANTIOQUIA,TARSO
3866,ANTIOQUIA,BARBOSA
3921,CESAR,LA GLORIA
3963,BOYACÁ,SUSACÓN
3969,SANTANDER,CIMITARRA
3982,RISARALDA,MISTRATÓ
4013,HUILA,TIMANÁ
4018,VALLE DEL CAUCA,BUGALAGRANDE
4023,RISARALDA,MARSELLA
4028,BOLÍVAR,MONTECRISTO
4077,BOYACÁ,VILLA DE LEYVA
4098,VALLE DEL CAUCA,SEVILLA
4110,CALDAS,ANSERMA
4150,VALLE DEL CAUCA,ANSERMANUEVO
4171,BOYACÁ,QUÍPAMA
4180,HUILA,LA PLATA
4225,CALDAS,SUPÍA
4252,ATLÁNTICO,SANTA LUCÍA
4288,META,PUERTO LÓPEZ
4307,LA GUAJIRA,URIBIA
4330,CÓRDOBA,TIERRALTA
4332,ANTIOQUIA,SAN RAFAEL
4333,MAGDALENA,SANTA BÁRBARA DE PINTO
4345,BOLÍVAR,BARRANCO DE LOBA
4351,CÓRDOBA,CIÉNAGA DE ORO
4360,MAGDALENA,SABANAS DE SAN ANGEL
4415,NORTE DE SANTANDER,LOS PATIOS
4423,BOLÍVAR,MAHATES
4429,NARIÑO,FRANCISCO PIZARRO
4459,VAUPÉS,NO DEFINIDO
4527,NARIÑO,BUESACO
4546,BOYACÁ,SÁCHICA
4582,CESAR,MANAURE
4590,BOLÍVAR,EL CARMEN DE BOLÍVAR
4594,CASANARE,OROCUÉ
4623,CESAR,GAMARRA
4650,CAUCA,BOLÍVAR
4760,VALLE DEL CAUCA,TRUJILLO
4772,ANTIOQUIA,CHIGORODÓ
4789,ATLÁNTICO,GALAPA
4844,BOYACÁ,EL COCUY
4864,ATLÁNTICO,MALAMBO
4882,CUNDINAMARCA,GUATAVITA
4889,BOLÍVAR,ALTOS DEL ROSARIO
4903,SANTANDER,SABANA DE TORRES
4905,DISTRITO CAPITAL DE BOGOTÁ,DISTRITO CAPITAL
4922,CUNDINAMARCA,LA PALMA
4955,SUCRE,SAMPUÉS
4973,HUILA,HOBO
4988,CUNDINAMARCA,NILO
4996,BOLÍVAR,NO DEFINIDO
5033,RISARALDA,BELÉN DE UMBRÍA
5079,SANTANDER,GIRÓN
5092,BOLÍVAR,SAN CRISTÓBAL
5137,HUILA,TERUEL
5147,GUAINÍA,INÍRIDA
5149,TOLIMA,MARIQUITA
5174,CESAR,PELAYA
5214,MAGDALENA,REMOLINO
5230,SUCRE,OVEJAS
5262,NARIÑO,ANCUYÁ
5316,ANTIOQUIA,ANORÍ
5328,BOYACÁ,AQUITANIA
5348,BOYACÁ,GÜICÁN
5397,HUILA,GIGANTE
5423,CAUCA,JAMBALÓ
5431,NARIÑO,COLÓN
5464,CESAR,PUEBLO BELLO
5494,NARIÑO,PROVIDENCIA
5517,SANTANDER,ARATOCA
5536,ANTIOQUIA,VEGACHÍ
5552,BOYACÁ,BOAVITA
5568,CAUCA,LA VEGA
5570,BOYACÁ,SAN PABLO DE BORBUR
5588,CAUCA,NO DEFINIDO
5621,CAUCA,CAJIBÍO
5636,BOYACÁ,PESCA
5649,BOLÍVAR,PINILLOS
5733,SUCRE,PALMITO
5734,NARIÑO,GUAITARILLA
5753,ANTIOQUIA,DABEIBA
5770,CÓRDOBA,MONTELÍBANO
5878,ANTIOQUIA,CARAMANTA
5918,LA GUAJIRA,DISTRACCIÓN
5928,SUCRE,BUENAVISTA
5931,CÓRDOBA,CANALETE
5943,NARIÑO,PUPIALES
5955,HUILA,SAN AGUSTÍN
5995,BOYACÁ,BELÉN
6046,MAGDALENA,ALGARROBO
6056,SUCRE,TOLÚ VIEJO
6064,NARIÑO,PUERRES
6085,ATLÁNTICO,LURUACO
6100,CAUCA,PUERTO TEJADA
6103,CAUCA,GUACHENÉ
6111,BOLÍVAR,MARÍA LA BAJA
6137,CUNDINAMARCA,SUESCA
6199,SANTANDER,LANDÁZURI
6209,HUILA,ACEVEDO
6269,VALLE DEL CAUCA,RESTREPO
6310,SANTANDER,PUERTO PARRA
6320,SUCRE,GALERAS
6385,VALLE DEL CAUCA,LA UNIÓN
6404,PUTUMAYO,SAN MIGUEL
6454,CUNDINAMARCA,CARMEN DE CARUPA
6479,ANTIOQUIA,COCORNÁ
6489,HUILA,GUADALUPE
6564,ANTIOQUIA,SANTA ROSA DE OSOS
6596,BOLÍVAR,MOMPÓS
6603,SANTANDER,JESÚS MARÍA
6610,BOYACÁ,GARAGOA
6677,BOYACÁ,SANTANA
6699,HUILA,TESALIA
6728,ANTIOQUIA,HISPANIA
6747,SANTANDER,SUAITA
6805,CÓRDOBA,PUEBLO NUEVO
6816,SANTANDER,LEBRÍJA
6854,CAQUETÁ,MILÁN
6866,SANTANDER,OIBA
6878,HUILA,SUAZA
6950,CÓRDOBA,VALENCIA
6966,SUCRE,COVEÑAS
6992,CÓRDOBA,CHINÚ
7011,SUCRE,SAN ONOFRE
7031,BOYACÁ,TOCA
7032,SANTANDER,EL PLAYÓN
7060,TOLIMA,VILLARRICA
7091,CÓRDOBA,LA APARTADA
7093,ANTIOQUIA,GÓMEZ PLATA
7099,CÓRDOBA,SAN ANDRÉS SOTAVENTO
7103,CASANARE,PAZ DE ARIPORO
7152,CUNDINAMARCA,ÚTICA
7208,ANTIOQUIA,TÁMESIS
7258,BOYACÁ,TINJACÁ
7281,CUNDINAMARCA,TAUSA
7296,CESAR,PAILITAS
7299,BOYACÁ,MOTAVITA
7467,BOYACÁ,TURMEQUÉ
7562,CAUCA,SANTANDER DE QUILICHAO
7594,SANTANDER,JORDÁN
7621,CUNDINAMARCA,TENA
7715,NARIÑO,SANTACRUZ
7736,HUILA,NÁTAGA
7747,CÓRDOBA,COTORRA
7808,QUINDÍO,SALENTO
7810,CALDAS,BELALCÁZAR
7945,CAUCA,TIMBÍO
7962,CÓRDOBA,SAN BERNARDO DEL VIENTO
7990,CÓRDOBA,PLANETA RICA
8059,SANTANDER,SIMACOTA
8086,TOLIMA,GUAMO
8148,ANTIOQUIA,BETULIA
8190,CALDAS,VICTORIA
8203,SANTANDER,ALBANIA
8204,CUNDINAMARCA,GACHETÁ
8224,CESAR,EL COPEY
8262,BOYACÁ,ARCABUCO
8271,BOYACÁ,PACHAVITA
8337,CALDAS,SAMANÁ
8343,CAUCA,ALMAGUER
8383,NARIÑO,SAN LORENZO
8493,NORTE DE SANTANDER,SAN CALIXTO
8517,CALDAS,PÁCORA
8712,META,PUERTO GAITÁN
8729,SANTANDER,PALMAS DEL SOCORRO
8817,BOYACÁ,SOCOTÁ
8820,BOYACÁ,MARIPÍ
8892,BOYACÁ,SUTATENZA
8895,VALLE DEL CAUCA,SAN PEDRO
8903,SANTANDER,TONA
8932,VICHADA,LA PRIMAVERA
9053,SUCRE,COLOSO
9078,MAGDALENA,EL PIÑON
9184,NORTE DE SANTANDER,TOLEDO
9194,ATLÁNTICO,CANDELARIA
9258,ANTIOQUIA,AMAGÁ
9297,TOLIMA,CHAPARRAL
9304,BOYACÁ,NOBSA
9346,CAQUETÁ,PUERTO RICO
9367,ANTIOQUIA,ANGOSTURA
9371,SANTANDER,MACARAVITA
9376,ANTIOQUIA,SONSON
9409,BOLÍVAR,ACHÍ
9445,ANTIOQUIA,SABANALARGA
9464,CUNDINAMARCA,CAPARRAPÍ
9496,BOYACÁ,SANTA MARÍA
9524,NARIÑO,ARBOLEDA
9532,TOLIMA,SUÁREZ
9540,BOYACÁ,FLORESTA
9563,ANTIOQUIA,CISNEROS
9583,BOLÍVAR,TURBANÁ
9597,NARIÑO,POTOSÍ
9615,VALLE DEL CAUCA,BOLÍVAR
9664,TOLIMA,PRADO
9692,ARAUCA,CRAVO NORTE
9701,SANTANDER,AGUADA
9707,NARIÑO,EL TAMBO
9710,META,RESTREPO
9767,BOYACÁ,VENTAQUEMADA
9833,CUNDINAMARCA,EL ROSAL
9861,MAGDALENA,SALAMINA
10031,ANTIOQUIA,PEÑOL
10048,NARIÑO,ROBERTO PAYÁN
10091,BOYACÁ,CHINAVITA
10157,QUINDÍO,GÉNOVA
10165,CUNDINAMARCA,JUNÍN
10182,NORTE DE SANTANDER,SARDINATA
10197,SANTANDER,SANTA BÁRBARA
10226,TOLIMA,VALLE DE SAN JUAN
10344,ANTIOQUIA,SANTO DOMINGO
10389,SANTANDER,SAN JOSÉ DE MIRANDA
10426,BOLÍVAR,RÍO VIEJO
10532,CAUCA,ROSAS
10558,NORTE DE SANTANDER,EL CARMEN
10579,ANTIOQUIA,MUTATÁ
10668,CUNDINAMARCA,NIMAIMA
10861,BOYACÁ,FIRAVITOBA
10912,BOLÍVAR,EL GUAMO
10946,VALLE DEL CAUCA,ULLOA
10949,RISARALDA,SANTUARIO
11031,BOYACÁ,CUBARÁ
11100,BOYACÁ,COPER
11123,NORTE DE SANTANDER,PUERTO SANTANDER
11152,SUCRE,LOS PALMITOS
11257,TOLIMA,ALPUJARRA
11280,CUNDINAMARCA,GUASCA
11310,SANTANDER,PUERTO WILCHES
11352,BOYACÁ,BERBEO
11410,CASANARE,NUNCHÍA
11420,RISARALDA,LA CELIA
11438,CAUCA,SILVIA
11447,HUILA,PITAL
11574,SANTANDER,EL PEÑÓN
11615,BOLÍVAR,SANTA ROSA
11637,BOYACÁ,TÓPAGA
11659,NARIÑO,SAPUYES
11816,ANTIOQUIA,MACEO
11855,ANTIOQUIA,BRICEÑO
12040,CAUCA,MORALES
12070,SANTANDER,COROMORO
12080,ANTIOQUIA,GIRALDO
12152,MAGDALENA,CONCORDIA
12175,CUNDINAMARCA,VIANÍ
12442,NARIÑO,EL PEÑOL
12456,BOYACÁ,MONGUÍ
12491,VALLE DEL CAUCA,EL ÁGUILA
12607,SANTANDER,CHIMA
12608,BOYACÁ,TOGÜÍ
12839,SANTANDER,CHARALÁ
12864,CAQUETÁ,CURILLO
12918,HUILA,TELLO
12927,ANTIOQUIA,FRONTINO
12936,CESAR,CURUMANÍ
12942,CASANARE,SABANALARGA
13083,ANTIOQUIA,SAN JOSÉ DE LA MONTAÑA
13089,CUNDINAMARCA,BELTRÁN
13113,BOYACÁ,BRICEÑO
13258,NARIÑO,LA TOLA
13352,BOYACÁ,SAN MIGUEL DE SEMA
13457,SANTANDER,FLORIÁN
13536,ATLÁNTICO,SUAN
13551,CÓRDOBA,SAN ANTERO
13609,BOYACÁ,SORACÁ
13702,ANTIOQUIA,AMALFI
14055,SANTANDER,CURITÍ
14082,ANTIOQUIA,CÁCERES
14084,TOLIMA,ALVARADO
14155,SANTANDER,OCAMONTE
14157,CÓRDOBA,PUERTO LIBERTADOR
14290,HUILA,ALTAMIRA
14462,CÓRDOBA,BUENAVISTA
14694,BOYACÁ,TIPACOQUE
14785,ANTIOQUIA,MONTEBELLO
14820,BOYACÁ,SOCHA
14908,BOYACÁ,SAN EDUARDO
14934,CUNDINAMARCA,CHOACHÍ
15044,BOYACÁ,TUTA
15053,SANTANDER,VILLANUEVA
15161,BOYACÁ,BUENAVISTA
15197,SANTANDER,CABRERA
15223,NARIÑO,MOSQUERA
15328,BOYACÁ,OTANCHE
15395,ANTIOQUIA,HELICONIA
15400,NARIÑO,CONSACA
15477,SUCRE,MORROA
15535,BOYACÁ,CUCAITA
15589,TOLIMA,MURILLO
15744,CAUCA,CALDONO
15876,SANTANDER,BETULIA
15959,VALLE DEL CAUCA,ARGELIA
16193,CUNDINAMARCA,EL PEÑÓN
16345,BOYACÁ,NUEVO COLÓN
16433,BOYACÁ,GAMEZA
16503,VALLE DEL CAUCA,GUACARÍ
16563,CESAR,ASTREA
16606,ANTIOQUIA,ARMENIA
16635,ARAUCA,FORTUL
16932,CASANARE,SAN LUIS DE PALENQUE
16942,NARIÑO,EL ROSARIO
17022,NARIÑO,CUASPUD
17091,TOLIMA,RIOBLANCO
17212,CALDAS,MARMATO
17326,CÓRDOBA,MOÑITOS
17407,BOYACÁ,TUNUNGUÁ
17508,SANTANDER,GUAVATÁ
17787,NORTE DE SANTANDER,CONVENCIÓN
17800,ANTIOQUIA,ITUANGO
17816,CAUCA,PADILLA
17832,HUILA,YAGUARÁ
18310,CUNDINAMARCA,LENGUAZAQUE
18340,BOYACÁ,SAN JOSÉ DE PARE
18485,SANTANDER,CHIPATÁ
18539,CALDAS,FILADELFIA
18611,CASANARE,MONTERREY
18628,CUNDINAMARCA,NEMOCÓN
18669,META,EL DORADO
18789,NARIÑO,TANGUA
18862,BOYACÁ,CIÉNEGA
19091,BOLÍVAR,ARROYOHONDO
19093,SANTANDER,CERRITO
19699,BOYACÁ,JENESANO
19859,NARIÑO,SANTA BÁRBARA
19884,CUNDINAMARCA,AGUA DE DIOS
19898,SANTANDER,CALIFORNIA
19927,NORTE DE SANTANDER,EL TARRA
20006,CÓRDOBA,SAN CARLOS
20063,NORTE DE SANTANDER,CUCUTILLA
20065,BOYACÁ,CALDAS
20117,CASANARE,TRINIDAD
20138,MAGDALENA,CERRO SAN ANTONIO
20143,ANTIOQUIA,GRANADA
20155,CAQUETÁ,SOLITA
20158,CALDAS,PALESTINA
20160,BOYACÁ,SABOYÁ
20274,BOLÍVAR,CANTAGALLO
20565,RISARALDA,QUINCHÍA
20698,ARAUCA,SARAVENA
20967,TOLIMA,VENADILLO
21058,CUNDINAMARCA,COGUA
21161,CASANARE,MANÍ
21223,CASANARE,VILLANUEVA
21306,SUCRE,SAN PEDRO
21334,BOYACÁ,SOTAQUIRÁ
21359,BOYACÁ,PISBA
21575,ANTIOQUIA,NARIÑO
21603,SUCRE,SINCÉ
21786,SANTANDER,PINCHOTE
21967,NORTE DE SANTANDER,VILLA CARO
22017,ARAUCA,ARAUQUITA
22154,CAQUETÁ,ALBANIA
22292,ANTIOQUIA,SAN JUAN DE URABÁ
22492,ANTIOQUIA,YALÍ
23085,SANTANDER,ONZAGA
23137,SUCRE,SAN BENITO ABAD
23296,BOYACÁ,CORRALES
23350,BOYACÁ,OICATÁ
23534,MAGDALENA,PEDRAZA
23598,CUNDINAMARCA,GACHANCIPÁ
23823,CAUCA,TOTORÓ
23837,SANTANDER,BOLÍVAR
23915,CHOCÓ,CONDOTO
23979,SUCRE,SUCRE
24045,BOYACÁ,TASCO
24327,TOLIMA,NATAGAIMA
24714,NORTE DE SANTANDER,ARBOLEDAS
24735,BOYACÁ,CHISCAS
24740,VALLE DEL CAUCA,YOTOCO
24850,SANTANDER,SAN MIGUEL
24904,BOYACÁ,CHITA
25059,BOYACÁ,PANQUEBA
25144,HUILA,ELÍAS
25588,NARIÑO,TÚQUERRES
25612,NARIÑO,BELÉN
25883,CAUCA,MIRANDA
26148,BOYACÁ,ZETAQUIRA
26181,ANTIOQUIA,CAICEDO
26214,ANTIOQUIA,ANZA
26323,SANTANDER,SUCRE
26597,CALDAS,NORCASIA
26693,SANTANDER,VALLE DE SAN JOSÉ
26712,CAUCA,INZÁ
27038,CUNDINAMARCA,ALBÁN
27341,SANTANDER,ENCINO
27395,HUILA,SANTA MARÍA
27812,BOLÍVAR,VILLANUEVA
27964,ATLÁNTICO,CAMPO DE LA CRUZ
28025,BOYACÁ,GUAYATÁ
28144,TOLIMA,HERVEO
28725,ANTIOQUIA,EBÉJICO
28770,BOYACÁ,GACHANTIVÁ
28861,BOYACÁ,IZA
29183,BOLÍVAR,SAN JACINTO DEL CAUCA
29321,CASANARE,TÁMARA
29897,CUNDINAMARCA,QUEBRADANEGRA
29972,BOYACÁ,MACANAL
30215,CAUCA,GUAPI
30266,NORTE DE SANTANDER,BOCHALEMA
30582,ANTIOQUIA,LIBORINA
30659,CUNDINAMARCA,GUTIÉRREZ
30852,BOYACÁ,SANTA ROSA DE VITERBO
30857,SANTANDER,EL GUACAMAYO
30912,CUNDINAMARCA,SUBACHOQUE
30915,ANTIOQUIA,ZARAGOZA
31154,CASANARE,CHAMEZA
31321,ANTIOQUIA,CIUDAD BOLÍVAR
31711,CUNDINAMARCA,CABRERA
31860,BOYACÁ,TUTAZÁ
32026,BOYACÁ,SOMONDOCO
32695,NORTE DE SANTANDER,LABATECA
32949,TOLIMA,PIEDRAS
32986,HUILA,VILLAVIEJA
33058,CAUCA,SUÁREZ
33444,BOYACÁ,LA CAPILLA
33528,BOYACÁ,PAYA
33938,BOLÍVAR,SAN PABLO
34016,ANTIOQUIA,BETANIA
34338,ATLÁNTICO,PIOJÓ
35059,SUCRE,EL ROBLE
35084,CAQUETÁ,SAN JOSÉ DEL FRAGUA
35526,BOYACÁ,BOYACÁ
35672,CASANARE,PORE
35742,SUCRE,SANTIAGO DE TOLÚ
35876,NARIÑO,TAMINANGO
36278,SANTANDER,PÁRAMO
36547,ATLÁNTICO,REPELÓN
36858,META,FUENTE DE ORO
37102,BOLÍVAR,MORALES
37484,CHOCÓ,CARMEN DEL DARIEN
37564,SANTANDER,PALMAR
37879,TOLIMA,COELLO
38039,SANTANDER,CONCEPCIÓN
38384,VALLE DEL CAUCA,GINEBRA
38386,HUILA,COLOMBIA
38659,PUTUMAYO,COLÓN
38660,BOYACÁ,SAN MATEO
38978,ANTIOQUIA,CAÑASGORDAS
39134,SANTANDER,CAPITANEJO
39159,CAUCA,ARGELIA
39297,BOYACÁ,SUTAMARCHÁN
40846,BOYACÁ,BETÉITIVA
41395,META,LEJANÍAS
42181,ANTIOQUIA,PEQUE
42387,BOYACÁ,SIACHOQUE
42641,CUNDINAMARCA,APULO
42934,ANTIOQUIA,CARACOLÍ
43278,ATLÁNTICO,TUBARÁ
43598,CUNDINAMARCA,QUIPILE
43601,CUNDINAMARCA,PASCA
43883,CAUCA,LA SIERRA
44502,CUNDINAMARCA,LA PEÑA
45344,NORTE DE SANTANDER,SAN CAYETANO
45393,BOYACÁ,PAUNA
45753,BOYACÁ,GUACAMAYAS
46840,SANTANDER,GAMBITA
47021,SANTANDER,GUAPOTÁ
47737,NORTE DE SANTANDER,CACHIRÁ
48524,BOYACÁ,RÁQUIRA
50409,NORTE DE SANTANDER,LA ESPERANZA
51560,BOLÍVAR,CLEMENCIA
51831,BOYACÁ,SORA
52051,CÓRDOBA,PURÍSIMA
52217,CALDAS,MARULANDA
52646,CAUCA,SAN SEBASTIÁN
53040,CUNDINAMARCA,YACOPÍ
53429,CAUCA,SOTARA
53477,BOYACÁ,CHIVATÁ
54356,CUNDINAMARCA,MANTA
54940,SUCRE,CHALÁN
55723,ARAUCA,PUERTO RONDÓN
56092,CÓRDOBA,LOS CÓRDOBAS
56710,SANTANDER,VETAS
56883,CUNDINAMARCA,TIBACUY
57012,CUNDINAMARCA,MACHETA
58667,BOLÍVAR,SAN FERNANDO
58824,BOYACÁ,CHITARAQUE
59206,SANTANDER,CARCASÍ
59292,ANTIOQUIA,VALDIVIA
59354,BOYACÁ,PAZ DE RÍO
59717,VALLE DEL CAUCA,VERSALLES
60708,ANTIOQUIA,ALEJANDRÍA
61129,META,LA MACARENA
62292,CUNDINAMARCA,GAMA
62336,BOYACÁ,PÁEZ
62729,CASANARE,HATO COROZAL
63217,CHOCÓ,BAHÍA SOLANO
63731,META,PUERTO LLERAS
64816,CAUCA,PURACÉ
65046,VALLE DEL CAUCA,RIOFRÍO
66673,BOLÍVAR,HATILLO DE LOBA
66891,SANTANDER,SAN BENITO
67674,ATLÁNTICO,PALMAR DE VARELA
69152,SANTANDER,CEPITÁ
69955,ANTIOQUIA,TITIRIBÍ
70805,ANTIOQUIA,VIGÍA DEL FUERTE
71011,ANTIOQUIA,NECHÍ
71655,SANTANDER,GÜEPSA
72063,LA GUAJIRA,EL MOLINO
73022,ANTIOQUIA,SAN VICENTE
73436,BOLÍVAR,SOPLAVIENTO
73467,TOLIMA,CASABIANCA
76653,META,MESETAS
76853,BOYACÁ,LA VICTORIA
77467,ANTIOQUIA,MURINDÓ
77835,SANTANDER,CHARTA
77845,CUNDINAMARCA,PAIME
78440,SANTANDER,EL CARMEN DE CHUCURÍ
80111,ANTIOQUIA,GUADALUPE
80181,BOYACÁ,BUSBANZÁ
80711,VALLE DEL CAUCA,ALCALÁ
80774,VALLE DEL CAUCA,EL CAIRO
80868,CAQUETÁ,MORELIA
83246,CUNDINAMARCA,ZIPACÓN
83315,CUNDINAMARCA,JERUSALÉN
83531,NORTE DE SANTANDER,RAGONVALIA
85385,ANTIOQUIA,CONCEPCIÓN
87288,ATLÁNTICO,USIACURÍ
87565,BOLÍVAR,CICUCO
88306,BOYACÁ,CUÍTIVA
88853,META,PUERTO CONCORDIA
89115,ANTIOQUIA,BELMIRA
89403,CUNDINAMARCA,VIOTÁ
89735,CUNDINAMARCA,SUPATÁ
90050,VALLE DEL CAUCA,OTRO
90534,BOYACÁ,EL ESPINO
90881,CAUCA,SANTA ROSA
91220,CUNDINAMARCA,QUETAME
91689,NORTE DE SANTANDER,OTRO
92731,CUNDINAMARCA,TIBIRITA
93412,NORTE DE SANTANDER,TEORAMA
96671,BOYACÁ,SATIVASUR
97672,CAUCA,OTRO
98196,BOYACÁ,TENZA
100500,BOYACÁ,CAMPOHERMOSO
103808,CAUCA,SUCRE
104206,BOYACÁ,SATIVANORTE
105679,CUNDINAMARCA,UBALÁ
105718,CUNDINAMARCA,OTRO
107152,NORTE DE SANTANDER,HERRÁN
110992,CUNDINAMARCA,GUATAQUÍ
116116,ANTIOQUIA,VALPARAÍSO
117502,GUAVIARE,NO DEFINIDO
117821,META,OTRO
122043,ANTIOQUIA,SAN ANDRÉS
122838,BOYACÁ,VIRACACHÁ
125817,CÓRDOBA,OTRO
128551,ANTIOQUIA,OTRO
129097,CHOCÓ,ISTMINA
131471,NORTE DE SANTANDER,BUCARASICA
132789,CUNDINAMARCA,GRANADA
135783,BOYACÁ,COVARACHÍA
137062,RISARALDA,OTRO
137344,TOLIMA,COYAIMA
141180,CASANARE,OTRO
142673,BOYACÁ,RONDÓN
143978,BOLÍVAR,NOROSÍ
148421,BOLÍVAR,OTRO
